VAR_ID,VAR_UNIT,REGION,ITEM,ALLSCEN3,YEAR,OUTPUT
LAND,1000 ha,ARGENTINAREG,FOREST,SCEN_DIET+10_CULTURE+50_CAPTURE+10,2050,41646.950018745745
LAND,1000 ha,ARGENTINAREG,Managed Land,SCEN_DIET+10_CULTURE+50_CAPTURE+10,2050,27558.9621122783
LAND,1000 ha,ARGENTINAREG,OTHNATVEG,SCEN_DIET+10_CULTURE+50_CAPTURE+10,2050,93310.58677657881
LAND,1000 ha,ARGENTINAREG,FOREST,SCEN_DIET-10_CULTURE0_CAPTURE-10,2050,39472.55410046532
LAND,1000 ha,ARGENTINAREG,Managed Land,SCEN_DIET-10_CULTURE0_CAPTURE-10,2050,29811.020716137682
LAND,1000 ha,ARGENTINAREG,OTHNATVEG,SCEN_DIET-10_CULTURE0_CAPTURE-10,2050,91266.79561243128
LAND,1000 ha,ARGENTINAREG,FOREST,SCEN_DIET0_CULTURE0_CAPTURE0,2050,40759.761214107326
LAND,1000 ha,ARGENTINAREG,Managed Land,SCEN_DIET0_CULTURE0_CAPTURE0,2050,28607.06038564616
LAND,1000 ha,ARGENTINAREG,OTHNATVEG,SCEN_DIET0_CULTURE0_CAPTURE0,2050,92182.68117563699
LAND,1000 ha,AUSTRALIAREG,FOREST,SCEN_DIET+10_CULTURE+50_CAPTURE+10,2050,99359.83999999995
LAND,1000 ha,AUSTRALIAREG,Managed Land,SCEN_DIET+10_CULTURE+50_CAPTURE+10,2050,18641.33836060446
LAND,1000 ha,AUSTRALIAREG,OTHNATVEG,SCEN_DIET+10_CULTURE+50_CAPTURE+10,2050,336882.1326086915
LAND,1000 ha,AUSTRALIAREG,FOREST,SCEN_DIET-10_CULTURE0_CAPTURE-10,2050,99359.83999999995
LAND,1000 ha,AUSTRALIAREG,Managed Land,SCEN_DIET-10_CULTURE0_CAPTURE-10,2050,19411.011381870263
LAND,1000 ha,AUSTRALIAREG,OTHNATVEG,SCEN_DIET-10_CULTURE0_CAPTURE-10,2050,333520.0598799122
LAND,1000 ha,AUSTRALIAREG,FOREST,SCEN_DIET0_CULTURE0_CAPTURE0,2050,99359.83999999997
LAND,1000 ha,AUSTRALIAREG,Managed Land,SCEN_DIET0_CULTURE0_CAPTURE0,2050,18896.076120559144
LAND,1000 ha,AUSTRALIAREG,OTHNATVEG,SCEN_DIET0_CULTURE0_CAPTURE0,2050,335429.28336027655
LAND,1000 ha,BRAZILREG,FOREST,SCEN_DIET+10_CULTURE+50_CAPTURE+10,2050,395033.6827286523
LAND,1000 ha,BRAZILREG,Managed Land,SCEN_DIET+10_CULTURE+50_CAPTURE+10,2050,64555.751119419016
LAND,1000 ha,BRAZILREG,OTHNATVEG,SCEN_DIET+10_CULTURE+50_CAPTURE+10,2050,122194.88614032767
LAND,1000 ha,BRAZILREG,FOREST,SCEN_DIET-10_CULTURE0_CAPTURE-10,2050,394982.0161861333
LAND,1000 ha,BRAZILREG,Managed Land,SCEN_DIET-10_CULTURE0_CAPTURE-10,2050,71173.4112440931
LAND,1000 ha,BRAZILREG,OTHNATVEG,SCEN_DIET-10_CULTURE0_CAPTURE-10,2050,115079.93014926936
LAND,1000 ha,BRAZILREG,FOREST,SCEN_DIET0_CULTURE0_CAPTURE0,2050,394982.0148184964
LAND,1000 ha,BRAZILREG,Managed Land,SCEN_DIET0_CULTURE0_CAPTURE0,2050,69053.80249834433
LAND,1000 ha,BRAZILREG,OTHNATVEG,SCEN_DIET0_CULTURE0_CAPTURE0,2050,119322.65817733706
LAND,1000 ha,CANADAREG,FOREST,SCEN_DIET+10_CULTURE+50_CAPTURE+10,2050,434393.69000000047
LAND,1000 ha,CANADAREG,Managed Land,SCEN_DIET+10_CULTURE+50_CAPTURE+10,2050,26962.40735323335
LAND,1000 ha,CANADAREG,OTHNATVEG,SCEN_DIET+10_CULTURE+50_CAPTURE+10,2050,294245.5008961673
LAND,1000 ha,CANADAREG,FOREST,SCEN_DIET-10_CULTURE0_CAPTURE-10,2050,434393.6900000004
LAND,1000 ha,CANADAREG,Managed Land,SCEN_DIET-10_CULTURE0_CAPTURE-10,2050,27711.935409294412
LAND,1000 ha,CANADAREG,OTHNATVEG,SCEN_DIET-10_CULTURE0_CAPTURE-10,2050,292790.08592556324
LAND,1000 ha,CANADAREG,FOREST,SCEN_DIET0_CULTURE0_CAPTURE0,2050,434393.69000000047
LAND,1000 ha,CANADAREG,Managed Land,SCEN_DIET0_CULTURE0_CAPTURE0,2050,27689.370746352997
LAND,1000 ha,CANADAREG,OTHNATVEG,SCEN_DIET0_CULTURE0_CAPTURE0,2050,293311.1606016807
LAND,1000 ha,CHINAREG,FOREST,SCEN_DIET+10_CULTURE+50_CAPTURE+10,2050,174634.0000000001
LAND,1000 ha,CHINAREG,Managed Land,SCEN_DIET+10_CULTURE+50_CAPTURE+10,2050,113666.21953284419
LAND,1000 ha,CHINAREG,OTHNATVEG,SCEN_DIET+10_CULTURE+50_CAPTURE+10,2050,184503.5221647516
LAND,1000 ha,CHINAREG,FOREST,SCEN_DIET-10_CULTURE0_CAPTURE-10,2050,174634.0000000001
LAND,1000 ha,CHINAREG,Managed Land,SCEN_DIET-10_CULTURE0_CAPTURE-10,2050,119934.12428984421
LAND,1000 ha,CHINAREG,OTHNATVEG,SCEN_DIET-10_CULTURE0_CAPTURE-10,2050,159580.88107503313
LAND,1000 ha,CHINAREG,FOREST,SCEN_DIET0_CULTURE0_CAPTURE0,2050,174634.0000000001
LAND,1000 ha,CHINAREG,Managed Land,SCEN_DIET0_CULTURE0_CAPTURE0,2050,117401.74460713843
LAND,1000 ha,CHINAREG,OTHNATVEG,SCEN_DIET0_CULTURE0_CAPTURE0,2050,172908.8072328866
LAND,1000 ha,CONGOBASIN,FOREST,SCEN_DIET+10_CULTURE+50_CAPTURE+10,2050,308377.856366239
LAND,1000 ha,CONGOBASIN,Managed Land,SCEN_DIET+10_CULTURE+50_CAPTURE+10,2050,11956.423567516353
LAND,1000 ha,CONGOBASIN,OTHNATVEG,SCEN_DIET+10_CULTURE+50_CAPTURE+10,2050,30739.3127396201
LAND,1000 ha,CONGOBASIN,FOREST,SCEN_DIET-10_CULTURE0_CAPTURE-10,2050,305450.60808730096
LAND,1000 ha,CONGOBASIN,Managed Land,SCEN_DIET-10_CULTURE0_CAPTURE-10,2050,12052.12739744609
LAND,1000 ha,CONGOBASIN,OTHNATVEG,SCEN_DIET-10_CULTURE0_CAPTURE-10,2050,28418.08878942608
LAND,1000 ha,CONGOBASIN,FOREST,SCEN_DIET0_CULTURE0_CAPTURE0,2050,307346.49766171153
LAND,1000 ha,CONGOBASIN,Managed Land,SCEN_DIET0_CULTURE0_CAPTURE0,2050,12002.900452555385
LAND,1000 ha,CONGOBASIN,OTHNATVEG,SCEN_DIET0_CULTURE0_CAPTURE0,2050,29217.13610265892
LAND,1000 ha,EASTERNAF,FOREST,SCEN_DIET+10_CULTURE+50_CAPTURE+10,2050,34742.267196103785
LAND,1000 ha,EASTERNAF,Managed Land,SCEN_DIET+10_CULTURE+50_CAPTURE+10,2050,37667.75898573719
LAND,1000 ha,EASTERNAF,OTHNATVEG,SCEN_DIET+10_CULTURE+50_CAPTURE+10,2050,62197.412405083756
LAND,1000 ha,EASTERNAF,FOREST,SCEN_DIET-10_CULTURE0_CAPTURE-10,2050,34369.99102289522
LAND,1000 ha,EASTERNAF,Managed Land,SCEN_DIET-10_CULTURE0_CAPTURE-10,2050,39307.08021619028
LAND,1000 ha,EASTERNAF,OTHNATVEG,SCEN_DIET-10_CULTURE0_CAPTURE-10,2050,60400.01809534978
LAND,1000 ha,EASTERNAF,FOREST,SCEN_DIET0_CULTURE0_CAPTURE0,2050,34552.554559149765
LAND,1000 ha,EASTERNAF,Managed Land,SCEN_DIET0_CULTURE0_CAPTURE0,2050,38764.42131196454
LAND,1000 ha,EASTERNAF,OTHNATVEG,SCEN_DIET0_CULTURE0_CAPTURE0,2050,61491.01974203311
LAND,1000 ha,EU_BALTIC,FOREST,SCEN_DIET+10_CULTURE+50_CAPTURE+10,2050,6910.259999999999
LAND,1000 ha,EU_BALTIC,Managed Land,SCEN_DIET+10_CULTURE+50_CAPTURE+10,2050,1973.3883337374918
LAND,1000 ha,EU_BALTIC,OTHNATVEG,SCEN_DIET+10_CULTURE+50_CAPTURE+10,2050,3205.1087682155044
LAND,1000 ha,EU_BALTIC,FOREST,SCEN_DIET-10_CULTURE0_CAPTURE-10,2050,6910.259999999999
LAND,1000 ha,EU_BALTIC,Managed Land,SCEN_DIET-10_CULTURE0_CAPTURE-10,2050,1982.043916811549
LAND,1000 ha,EU_BALTIC,OTHNATVEG,SCEN_DIET-10_CULTURE0_CAPTURE-10,2050,3195.316586261885
LAND,1000 ha,EU_BALTIC,FOREST,SCEN_DIET0_CULTURE0_CAPTURE0,2050,6910.259999999999
LAND,1000 ha,EU_BALTIC,Managed Land,SCEN_DIET0_CULTURE0_CAPTURE0,2050,1982.0439168115493
LAND,1000 ha,EU_BALTIC,OTHNATVEG,SCEN_DIET0_CULTURE0_CAPTURE0,2050,3195.316586261885
LAND,1000 ha,EU_CENTRALEAST,FOREST,SCEN_DIET+10_CULTURE+50_CAPTURE+10,2050,26665.003693000013
LAND,1000 ha,EU_CENTRALEAST,Managed Land,SCEN_DIET+10_CULTURE+50_CAPTURE+10,2050,22695.57105614911
LAND,1000 ha,EU_CENTRALEAST,OTHNATVEG,SCEN_DIET+10_CULTURE+50_CAPTURE+10,2050,10044.01102356944
LAND,1000 ha,EU_CENTRALEAST,FOREST,SCEN_DIET-10_CULTURE0_CAPTURE-10,2050,26665.003693000013
LAND,1000 ha,EU_CENTRALEAST,Managed Land,SCEN_DIET-10_CULTURE0_CAPTURE-10,2050,23512.557503341806
LAND,1000 ha,EU_CENTRALEAST,OTHNATVEG,SCEN_DIET-10_CULTURE0_CAPTURE-10,2050,9332.83703919576
LAND,1000 ha,EU_CENTRALEAST,FOREST,SCEN_DIET0_CULTURE0_CAPTURE0,2050,26665.003693000013
LAND,1000 ha,EU_CENTRALEAST,Managed Land,SCEN_DIET0_CULTURE0_CAPTURE0,2050,23161.730505879386
LAND,1000 ha,EU_CENTRALEAST,OTHNATVEG,SCEN_DIET0_CULTURE0_CAPTURE0,2050,9518.239026276851
LAND,1000 ha,EU_MIDWEST,FOREST,SCEN_DIET+10_CULTURE+50_CAPTURE+10,2050,29203.177892999993
LAND,1000 ha,EU_MIDWEST,Managed Land,SCEN_DIET+10_CULTURE+50_CAPTURE+10,2050,22101.541174048885
LAND,1000 ha,EU_MIDWEST,OTHNATVEG,SCEN_DIET+10_CULTURE+50_CAPTURE+10,2050,21740.653260489147
LAND,1000 ha,EU_MIDWEST,FOREST,SCEN_DIET-10_CULTURE0_CAPTURE-10,2050,29203.177892999993
LAND,1000 ha,EU_MIDWEST,Managed Land,SCEN_DIET-10_CULTURE0_CAPTURE-10,2050,22118.036026717124
LAND,1000 ha,EU_MIDWEST,OTHNATVEG,SCEN_DIET-10_CULTURE0_CAPTURE-10,2050,21562.060725680498
LAND,1000 ha,EU_MIDWEST,FOREST,SCEN_DIET0_CULTURE0_CAPTURE0,2050,29203.177892999993
LAND,1000 ha,EU_MIDWEST,Managed Land,SCEN_DIET0_CULTURE0_CAPTURE0,2050,22280.705452204216
LAND,1000 ha,EU_MIDWEST,OTHNATVEG,SCEN_DIET0_CULTURE0_CAPTURE0,2050,21562.062204671896
LAND,1000 ha,EU_NORTH,FOREST,SCEN_DIET+10_CULTURE+50_CAPTURE+10,2050,49692.34588000002
LAND,1000 ha,EU_NORTH,Managed Land,SCEN_DIET+10_CULTURE+50_CAPTURE+10,2050,9859.59293312345
LAND,1000 ha,EU_NORTH,OTHNATVEG,SCEN_DIET+10_CULTURE+50_CAPTURE+10,2050,14336.341019219375
LAND,1000 ha,EU_NORTH,FOREST,SCEN_DIET-10_CULTURE0_CAPTURE-10,2050,49692.34588000002
LAND,1000 ha,EU_NORTH,Managed Land,SCEN_DIET-10_CULTURE0_CAPTURE-10,2050,9739.750877877948
LAND,1000 ha,EU_NORTH,OTHNATVEG,SCEN_DIET-10_CULTURE0_CAPTURE-10,2050,14336.341019219375
LAND,1000 ha,EU_NORTH,FOREST,SCEN_DIET0_CULTURE0_CAPTURE0,2050,49692.34588000002
LAND,1000 ha,EU_NORTH,Managed Land,SCEN_DIET0_CULTURE0_CAPTURE0,2050,9894.20193665543
LAND,1000 ha,EU_NORTH,OTHNATVEG,SCEN_DIET0_CULTURE0_CAPTURE0,2050,14336.341019219373
LAND,1000 ha,EU_SOUTH,FOREST,SCEN_DIET+10_CULTURE+50_CAPTURE+10,2050,27181.806315999987
LAND,1000 ha,EU_SOUTH,Managed Land,SCEN_DIET+10_CULTURE+50_CAPTURE+10,2050,14702.111945848246
LAND,1000 ha,EU_SOUTH,OTHNATVEG,SCEN_DIET+10_CULTURE+50_CAPTURE+10,2050,26128.78728036838
LAND,1000 ha,EU_SOUTH,FOREST,SCEN_DIET-10_CULTURE0_CAPTURE-10,2050,27181.806315999987
LAND,1000 ha,EU_SOUTH,Managed Land,SCEN_DIET-10_CULTURE0_CAPTURE-10,2050,16186.241805496724
LAND,1000 ha,EU_SOUTH,OTHNATVEG,SCEN_DIET-10_CULTURE0_CAPTURE-10,2050,23785.493761199337
LAND,1000 ha,EU_SOUTH,FOREST,SCEN_DIET0_CULTURE0_CAPTURE0,2050,27181.806315999987
LAND,1000 ha,EU_SOUTH,Managed Land,SCEN_DIET0_CULTURE0_CAPTURE0,2050,15897.41181976988
LAND,1000 ha,EU_SOUTH,OTHNATVEG,SCEN_DIET0_CULTURE0_CAPTURE0,2050,24340.533823931488
LAND,1000 ha,FORMER_USSR,FOREST,SCEN_DIET+10_CULTURE+50_CAPTURE+10,2050,12694.829707999994
LAND,1000 ha,FORMER_USSR,Managed Land,SCEN_DIET+10_CULTURE+50_CAPTURE+10,2050,28879.430664314634
LAND,1000 ha,FORMER_USSR,OTHNATVEG,SCEN_DIET+10_CULTURE+50_CAPTURE+10,2050,103862.15588546167
LAND,1000 ha,FORMER_USSR,FOREST,SCEN_DIET-10_CULTURE0_CAPTURE-10,2050,12694.829707999994
LAND,1000 ha,FORMER_USSR,Managed Land,SCEN_DIET-10_CULTURE0_CAPTURE-10,2050,28938.76780547237
LAND,1000 ha,FORMER_USSR,OTHNATVEG,SCEN_DIET-10_CULTURE0_CAPTURE-10,2050,102601.63333823992
LAND,1000 ha,FORMER_USSR,FOREST,SCEN_DIET0_CULTURE0_CAPTURE0,2050,12694.829707999994
LAND,1000 ha,FORMER_USSR,Managed Land,SCEN_DIET0_CULTURE0_CAPTURE0,2050,28927.720398519523
LAND,1000 ha,FORMER_USSR,OTHNATVEG,SCEN_DIET0_CULTURE0_CAPTURE0,2050,103301.55789127618
LAND,1000 ha,INDIAREG,FOREST,SCEN_DIET+10_CULTURE+50_CAPTURE+10,2050,60303.270000000004
LAND,1000 ha,INDIAREG,Managed Land,SCEN_DIET+10_CULTURE+50_CAPTURE+10,2050,152995.29795424777
LAND,1000 ha,INDIAREG,OTHNATVEG,SCEN_DIET+10_CULTURE+50_CAPTURE+10,2050,21702.51954248752
LAND,1000 ha,INDIAREG,FOREST,SCEN_DIET-10_CULTURE0_CAPTURE-10,2050,60303.270000000004
LAND,1000 ha,INDIAREG,Managed Land,SCEN_DIET-10_CULTURE0_CAPTURE-10,2050,153753.88803672095
LAND,1000 ha,INDIAREG,OTHNATVEG,SCEN_DIET-10_CULTURE0_CAPTURE-10,2050,12810.263577576157
LAND,1000 ha,INDIAREG,FOREST,SCEN_DIET0_CULTURE0_CAPTURE0,2050,60303.270000000004
LAND,1000 ha,INDIAREG,Managed Land,SCEN_DIET0_CULTURE0_CAPTURE0,2050,153073.97713044728
LAND,1000 ha,INDIAREG,OTHNATVEG,SCEN_DIET0_CULTURE0_CAPTURE0,2050,16345.177041231178
LAND,1000 ha,INDONESIAREG,FOREST,SCEN_DIET+10_CULTURE+50_CAPTURE+10,2050,88678.52524542128
LAND,1000 ha,INDONESIAREG,Managed Land,SCEN_DIET+10_CULTURE+50_CAPTURE+10,2050,22710.611881846853
LAND,1000 ha,INDONESIAREG,OTHNATVEG,SCEN_DIET+10_CULTURE+50_CAPTURE+10,2050,34566.74302025908
LAND,1000 ha,INDONESIAREG,FOREST,SCEN_DIET-10_CULTURE0_CAPTURE-10,2050,82844.36492212955
LAND,1000 ha,INDONESIAREG,Managed Land,SCEN_DIET-10_CULTURE0_CAPTURE-10,2050,24120.601533581583
LAND,1000 ha,INDONESIAREG,OTHNATVEG,SCEN_DIET-10_CULTURE0_CAPTURE-10,2050,25862.516939673085
LAND,1000 ha,INDONESIAREG,FOREST,SCEN_DIET0_CULTURE0_CAPTURE0,2050,85644.52726674225
LAND,1000 ha,INDONESIAREG,Managed Land,SCEN_DIET0_CULTURE0_CAPTURE0,2050,23568.868608622673
LAND,1000 ha,INDONESIAREG,OTHNATVEG,SCEN_DIET0_CULTURE0_CAPTURE0,2050,28942.58947617884
LAND,1000 ha,JAPANREG,FOREST,SCEN_DIET+10_CULTURE+50_CAPTURE+10,2050,23436.029999999995
LAND,1000 ha,JAPANREG,Managed Land,SCEN_DIET+10_CULTURE+50_CAPTURE+10,2050,2436.409896760728
LAND,1000 ha,JAPANREG,OTHNATVEG,SCEN_DIET+10_CULTURE+50_CAPTURE+10,2050,5934.653267397422
LAND,1000 ha,JAPANREG,FOREST,SCEN_DIET-10_CULTURE0_CAPTURE-10,2050,23436.029999999995
LAND,1000 ha,JAPANREG,Managed Land,SCEN_DIET-10_CULTURE0_CAPTURE-10,2050,2688.6676947733486
LAND,1000 ha,JAPANREG,OTHNATVEG,SCEN_DIET-10_CULTURE0_CAPTURE-10,2050,4731.208772789616
LAND,1000 ha,JAPANREG,FOREST,SCEN_DIET0_CULTURE0_CAPTURE0,2050,23436.029999999995
LAND,1000 ha,JAPANREG,Managed Land,SCEN_DIET0_CULTURE0_CAPTURE0,2050,2543.5209582191405
LAND,1000 ha,JAPANREG,OTHNATVEG,SCEN_DIET0_CULTURE0_CAPTURE0,2050,5741.9821588564155
LAND,1000 ha,MALAYSIAREG,FOREST,SCEN_DIET+10_CULTURE+50_CAPTURE+10,2050,15815.123303083039
LAND,1000 ha,MALAYSIAREG,Managed Land,SCEN_DIET+10_CULTURE+50_CAPTURE+10,2050,7240.286764116156
LAND,1000 ha,MALAYSIAREG,OTHNATVEG,SCEN_DIET+10_CULTURE+50_CAPTURE+10,2050,1052.98805462078
LAND,1000 ha,MALAYSIAREG,FOREST,SCEN_DIET-10_CULTURE0_CAPTURE-10,2050,15801.937869383422
LAND,1000 ha,MALAYSIAREG,Managed Land,SCEN_DIET-10_CULTURE0_CAPTURE-10,2050,7499.099787704704
LAND,1000 ha,MALAYSIAREG,OTHNATVEG,SCEN_DIET-10_CULTURE0_CAPTURE-10,2050,813.098774020151
LAND,1000 ha,MALAYSIAREG,FOREST,SCEN_DIET0_CULTURE0_CAPTURE0,2050,15801.93786871148
LAND,1000 ha,MALAYSIAREG,Managed Land,SCEN_DIET0_CULTURE0_CAPTURE0,2050,7477.261749631217
LAND,1000 ha,MALAYSIAREG,OTHNATVEG,SCEN_DIET0_CULTURE0_CAPTURE0,2050,820.7887381445105
LAND,1000 ha,MEXICOREG,FOREST,SCEN_DIET+10_CULTURE+50_CAPTURE+10,2050,69129.93455928947
LAND,1000 ha,MEXICOREG,Managed Land,SCEN_DIET+10_CULTURE+50_CAPTURE+10,2050,10532.962407124583
LAND,1000 ha,MEXICOREG,OTHNATVEG,SCEN_DIET+10_CULTURE+50_CAPTURE+10,2050,49769.652371542616
LAND,1000 ha,MEXICOREG,FOREST,SCEN_DIET-10_CULTURE0_CAPTURE-10,2050,68930.65629015458
LAND,1000 ha,MEXICOREG,Managed Land,SCEN_DIET-10_CULTURE0_CAPTURE-10,2050,13100.513291378888
LAND,1000 ha,MEXICOREG,OTHNATVEG,SCEN_DIET-10_CULTURE0_CAPTURE-10,2050,46903.38923184407
LAND,1000 ha,MEXICOREG,FOREST,SCEN_DIET0_CULTURE0_CAPTURE0,2050,69130.05409704326
LAND,1000 ha,MEXICOREG,Managed Land,SCEN_DIET0_CULTURE0_CAPTURE0,2050,11896.439102425005
LAND,1000 ha,MEXICOREG,OTHNATVEG,SCEN_DIET0_CULTURE0_CAPTURE0,2050,48469.50054249178
LAND,1000 ha,MIDDLEEAST,FOREST,SCEN_DIET+10_CULTURE+50_CAPTURE+10,2050,3315.330000000001
LAND,1000 ha,MIDDLEEAST,Managed Land,SCEN_DIET+10_CULTURE+50_CAPTURE+10,2050,16810.31192885889
LAND,1000 ha,MIDDLEEAST,OTHNATVEG,SCEN_DIET+10_CULTURE+50_CAPTURE+10,2050,5489.574725679446
LAND,1000 ha,MIDDLEEAST,FOREST,SCEN_DIET-10_CULTURE0_CAPTURE-10,2050,3315.3300000000013
LAND,1000 ha,MIDDLEEAST,Managed Land,SCEN_DIET-10_CULTURE0_CAPTURE-10,2050,17034.9765258803
LAND,1000 ha,MIDDLEEAST,OTHNATVEG,SCEN_DIET-10_CULTURE0_CAPTURE-10,2050,5376.356910390865
LAND,1000 ha,MIDDLEEAST,FOREST,SCEN_DIET0_CULTURE0_CAPTURE0,2050,3315.330000000001
LAND,1000 ha,MIDDLEEAST,Managed Land,SCEN_DIET0_CULTURE0_CAPTURE0,2050,16929.564806164788
LAND,1000 ha,MIDDLEEAST,OTHNATVEG,SCEN_DIET0_CULTURE0_CAPTURE0,2050,5406.722216445692
LAND,1000 ha,NEWZEALANDREG,FOREST,SCEN_DIET+10_CULTURE+50_CAPTURE+10,2050,7295.6
LAND,1000 ha,NEWZEALANDREG,Managed Land,SCEN_DIET+10_CULTURE+50_CAPTURE+10,2050,274.53274876135197
LAND,1000 ha,NEWZEALANDREG,OTHNATVEG,SCEN_DIET+10_CULTURE+50_CAPTURE+10,2050,5567.147902540066
LAND,1000 ha,NEWZEALANDREG,FOREST,SCEN_DIET-10_CULTURE0_CAPTURE-10,2050,7295.6
LAND,1000 ha,NEWZEALANDREG,Managed Land,SCEN_DIET-10_CULTURE0_CAPTURE-10,2050,353.6361800204188
LAND,1000 ha,NEWZEALANDREG,OTHNATVEG,SCEN_DIET-10_CULTURE0_CAPTURE-10,2050,4723.76995465959
LAND,1000 ha,NEWZEALANDREG,FOREST,SCEN_DIET0_CULTURE0_CAPTURE0,2050,7295.6
LAND,1000 ha,NEWZEALANDREG,Managed Land,SCEN_DIET0_CULTURE0_CAPTURE0,2050,311.27368709458153
LAND,1000 ha,NEWZEALANDREG,OTHNATVEG,SCEN_DIET0_CULTURE0_CAPTURE0,2050,5142.188956110951
LAND,1000 ha,NORTHERNAF,FOREST,SCEN_DIET+10_CULTURE+50_CAPTURE+10,2050,4181.660000000001
LAND,1000 ha,NORTHERNAF,Managed Land,SCEN_DIET+10_CULTURE+50_CAPTURE+10,2050,12576.55955945041
LAND,1000 ha,NORTHERNAF,OTHNATVEG,SCEN_DIET+10_CULTURE+50_CAPTURE+10,2050,4334.151317359293
LAND,1000 ha,NORTHERNAF,FOREST,SCEN_DIET-10_CULTURE0_CAPTURE-10,2050,4181.660000000001
LAND,1000 ha,NORTHERNAF,Managed Land,SCEN_DIET-10_CULTURE0_CAPTURE-10,2050,12693.259612985377
LAND,1000 ha,NORTHERNAF,OTHNATVEG,SCEN_DIET-10_CULTURE0_CAPTURE-10,2050,4198.822948748895
LAND,1000 ha,NORTHERNAF,FOREST,SCEN_DIET0_CULTURE0_CAPTURE0,2050,4181.660000000001
LAND,1000 ha,NORTHERNAF,Managed Land,SCEN_DIET0_CULTURE0_CAPTURE0,2050,12542.051553526402
LAND,1000 ha,NORTHERNAF,OTHNATVEG,SCEN_DIET0_CULTURE0_CAPTURE0,2050,4329.152119282407
LAND,1000 ha,PACIFIC_ISLANDS,FOREST,SCEN_DIET+10_CULTURE+50_CAPTURE+10,2050,34259.99
LAND,1000 ha,PACIFIC_ISLANDS,Managed Land,SCEN_DIET+10_CULTURE+50_CAPTURE+10,2050,474.5565899648101
LAND,1000 ha,PACIFIC_ISLANDS,OTHNATVEG,SCEN_DIET+10_CULTURE+50_CAPTURE+10,2050,10741.701731416435
LAND,1000 ha,PACIFIC_ISLANDS,FOREST,SCEN_DIET-10_CULTURE0_CAPTURE-10,2050,34258.8899057824
LAND,1000 ha,PACIFIC_ISLANDS,Managed Land,SCEN_DIET-10_CULTURE0_CAPTURE-10,2050,474.7317104934837
LAND,1000 ha,PACIFIC_ISLANDS,OTHNATVEG,SCEN_DIET-10_CULTURE0_CAPTURE-10,2050,10670.6445663492
LAND,1000 ha,PACIFIC_ISLANDS,FOREST,SCEN_DIET0_CULTURE0_CAPTURE0,2050,34258.8899057824
LAND,1000 ha,PACIFIC_ISLANDS,Managed Land,SCEN_DIET0_CULTURE0_CAPTURE0,2050,474.71177217622386
LAND,1000 ha,PACIFIC_ISLANDS,OTHNATVEG,SCEN_DIET0_CULTURE0_CAPTURE0,2050,10712.608824991354
LAND,1000 ha,RCAM,FOREST,SCEN_DIET+10_CULTURE+50_CAPTURE+10,2050,25273.215787839003
LAND,1000 ha,RCAM,Managed Land,SCEN_DIET+10_CULTURE+50_CAPTURE+10,2050,7900.83675811734
LAND,1000 ha,RCAM,OTHNATVEG,SCEN_DIET+10_CULTURE+50_CAPTURE+10,2050,1750.2306584922542
LAND,1000 ha,RCAM,FOREST,SCEN_DIET-10_CULTURE0_CAPTURE-10,2050,22821.163202406333
LAND,1000 ha,RCAM,Managed Land,SCEN_DIET-10_CULTURE0_CAPTURE-10,2050,8715.613497837801
LAND,1000 ha,RCAM,OTHNATVEG,SCEN_DIET-10_CULTURE0_CAPTURE-10,2050,1374.6388204690297
LAND,1000 ha,RCAM,FOREST,SCEN_DIET0_CULTURE0_CAPTURE0,2050,24325.683129199595
LAND,1000 ha,RCAM,Managed Land,SCEN_DIET0_CULTURE0_CAPTURE0,2050,8371.77310628003
LAND,1000 ha,RCAM,OTHNATVEG,SCEN_DIET0_CULTURE0_CAPTURE0,2050,1455.0717430857208
LAND,1000 ha,RCEU,FOREST,SCEN_DIET+10_CULTURE+50_CAPTURE+10,2050,5526.040000000001
LAND,1000 ha,RCEU,Managed Land,SCEN_DIET+10_CULTURE+50_CAPTURE+10,2050,3371.161379417406
LAND,1000 ha,RCEU,OTHNATVEG,SCEN_DIET+10_CULTURE+50_CAPTURE+10,2050,2633.106436503715
LAND,1000 ha,RCEU,FOREST,SCEN_DIET-10_CULTURE0_CAPTURE-10,2050,5526.040000000001
LAND,1000 ha,RCEU,Managed Land,SCEN_DIET-10_CULTURE0_CAPTURE-10,2050,4015.547716384271
LAND,1000 ha,RCEU,OTHNATVEG,SCEN_DIET-10_CULTURE0_CAPTURE-10,2050,1245.7124080297745
LAND,1000 ha,RCEU,FOREST,SCEN_DIET0_CULTURE0_CAPTURE0,2050,5526.040000000001
LAND,1000 ha,RCEU,Managed Land,SCEN_DIET0_CULTURE0_CAPTURE0,2050,3601.430884502884
LAND,1000 ha,RCEU,OTHNATVEG,SCEN_DIET0_CULTURE0_CAPTURE0,2050,2245.342294256063
LAND,1000 ha,ROWE,FOREST,SCEN_DIET+10_CULTURE+50_CAPTURE+10,2050,10115.009978000002
LAND,1000 ha,ROWE,Managed Land,SCEN_DIET+10_CULTURE+50_CAPTURE+10,2050,980.0978999036441
LAND,1000 ha,ROWE,OTHNATVEG,SCEN_DIET+10_CULTURE+50_CAPTURE+10,2050,37177.05712637609
LAND,1000 ha,ROWE,FOREST,SCEN_DIET-10_CULTURE0_CAPTURE-10,2050,10115.009978
LAND,1000 ha,ROWE,Managed Land,SCEN_DIET-10_CULTURE0_CAPTURE-10,2050,1157.2958084660286
LAND,1000 ha,ROWE,OTHNATVEG,SCEN_DIET-10_CULTURE0_CAPTURE-10,2050,36139.71438979796
LAND,1000 ha,ROWE,FOREST,SCEN_DIET0_CULTURE0_CAPTURE0,2050,10115.009978000002
LAND,1000 ha,ROWE,Managed Land,SCEN_DIET0_CULTURE0_CAPTURE0,2050,1046.4764887961746
LAND,1000 ha,ROWE,OTHNATVEG,SCEN_DIET0_CULTURE0_CAPTURE0,2050,36791.015635454474
LAND,1000 ha,RSAM,FOREST,SCEN_DIET+10_CULTURE+50_CAPTURE+10,2050,303042.75903630286
LAND,1000 ha,RSAM,Managed Land,SCEN_DIET+10_CULTURE+50_CAPTURE+10,2050,22708.373115486364
LAND,1000 ha,RSAM,OTHNATVEG,SCEN_DIET+10_CULTURE+50_CAPTURE+10,2050,127625.23553037102
LAND,1000 ha,RSAM,FOREST,SCEN_DIET-10_CULTURE0_CAPTURE-10,2050,299088.1830967974
LAND,1000 ha,RSAM,Managed Land,SCEN_DIET-10_CULTURE0_CAPTURE-10,2050,25290.762008706515
LAND,1000 ha,RSAM,OTHNATVEG,SCEN_DIET-10_CULTURE0_CAPTURE-10,2050,123803.88458262692
LAND,1000 ha,RSAM,FOREST,SCEN_DIET0_CULTURE0_CAPTURE0,2050,301177.39595744776
LAND,1000 ha,RSAM,Managed Land,SCEN_DIET0_CULTURE0_CAPTURE0,2050,24093.393451149735
LAND,1000 ha,RSAM,OTHNATVEG,SCEN_DIET0_CULTURE0_CAPTURE0,2050,125619.48311017177
LAND,1000 ha,RSAS,FOREST,SCEN_DIET+10_CULTURE+50_CAPTURE+10,2050,12719.831051521382
LAND,1000 ha,RSAS,Managed Land,SCEN_DIET+10_CULTURE+50_CAPTURE+10,2050,36552.47695438064
LAND,1000 ha,RSAS,OTHNATVEG,SCEN_DIET+10_CULTURE+50_CAPTURE+10,2050,3597.7026511096947
LAND,1000 ha,RSAS,FOREST,SCEN_DIET-10_CULTURE0_CAPTURE-10,2050,12672.596586548128
LAND,1000 ha,RSAS,Managed Land,SCEN_DIET-10_CULTURE0_CAPTURE-10,2050,36919.8660047859
LAND,1000 ha,RSAS,OTHNATVEG,SCEN_DIET-10_CULTURE0_CAPTURE-10,2050,3334.486545547634
LAND,1000 ha,RSAS,FOREST,SCEN_DIET0_CULTURE0_CAPTURE0,2050,12690.166430890153
LAND,1000 ha,RSAS,Managed Land,SCEN_DIET0_CULTURE0_CAPTURE0,2050,36660.95966272401
LAND,1000 ha,RSAS,OTHNATVEG,SCEN_DIET0_CULTURE0_CAPTURE0,2050,3284.883017763881
LAND,1000 ha,RSEA_OPA,FOREST,SCEN_DIET+10_CULTURE+50_CAPTURE+10,2050,34286.52841595052
LAND,1000 ha,RSEA_OPA,Managed Land,SCEN_DIET+10_CULTURE+50_CAPTURE+10,2050,37999.88025718201
LAND,1000 ha,RSEA_OPA,OTHNATVEG,SCEN_DIET+10_CULTURE+50_CAPTURE+10,2050,40570.30113802257
LAND,1000 ha,RSEA_OPA,FOREST,SCEN_DIET-10_CULTURE0_CAPTURE-10,2050,29624.090244726205
LAND,1000 ha,RSEA_OPA,Managed Land,SCEN_DIET-10_CULTURE0_CAPTURE-10,2050,39233.35668591485
LAND,1000 ha,RSEA_OPA,OTHNATVEG,SCEN_DIET-10_CULTURE0_CAPTURE-10,2050,34380.69411444636
LAND,1000 ha,RSEA_OPA,FOREST,SCEN_DIET0_CULTURE0_CAPTURE0,2050,31789.918883826653
LAND,1000 ha,RSEA_OPA,Managed Land,SCEN_DIET0_CULTURE0_CAPTURE0,2050,38371.89904480275
LAND,1000 ha,RSEA_OPA,OTHNATVEG,SCEN_DIET0_CULTURE0_CAPTURE0,2050,37935.14830725147
LAND,1000 ha,RSEA_PAC,FOREST,SCEN_DIET+10_CULTURE+50_CAPTURE+10,2050,30245.659863349905
LAND,1000 ha,RSEA_PAC,Managed Land,SCEN_DIET+10_CULTURE+50_CAPTURE+10,2050,26293.97639654559
LAND,1000 ha,RSEA_PAC,OTHNATVEG,SCEN_DIET+10_CULTURE+50_CAPTURE+10,2050,62631.164860119876
LAND,1000 ha,RSEA_PAC,FOREST,SCEN_DIET-10_CULTURE0_CAPTURE-10,2050,27097.33241849104
LAND,1000 ha,RSEA_PAC,Managed Land,SCEN_DIET-10_CULTURE0_CAPTURE-10,2050,26591.632558205325
LAND,1000 ha,RSEA_PAC,OTHNATVEG,SCEN_DIET-10_CULTURE0_CAPTURE-10,2050,56627.70909525611
LAND,1000 ha,RSEA_PAC,FOREST,SCEN_DIET0_CULTURE0_CAPTURE0,2050,28779.266067996363
LAND,1000 ha,RSEA_PAC,Managed Land,SCEN_DIET0_CULTURE0_CAPTURE0,2050,26372.70551531244
LAND,1000 ha,RSEA_PAC,OTHNATVEG,SCEN_DIET0_CULTURE0_CAPTURE0,2050,60449.38137453695
LAND,1000 ha,RUSSIAREG,FOREST,SCEN_DIET+10_CULTURE+50_CAPTURE+10,2050,744389.3376850008
LAND,1000 ha,RUSSIAREG,Managed Land,SCEN_DIET+10_CULTURE+50_CAPTURE+10,2050,39116.951360475025
LAND,1000 ha,RUSSIAREG,OTHNATVEG,SCEN_DIET+10_CULTURE+50_CAPTURE+10,2050,532210.9328044705
LAND,1000 ha,RUSSIAREG,FOREST,SCEN_DIET-10_CULTURE0_CAPTURE-10,2050,744389.3376850008
LAND,1000 ha,RUSSIAREG,Managed Land,SCEN_DIET-10_CULTURE0_CAPTURE-10,2050,39243.81516762458
LAND,1000 ha,RUSSIAREG,OTHNATVEG,SCEN_DIET-10_CULTURE0_CAPTURE-10,2050,528225.1922415685
LAND,1000 ha,RUSSIAREG,FOREST,SCEN_DIET0_CULTURE0_CAPTURE0,2050,744389.3376850008
LAND,1000 ha,RUSSIAREG,Managed Land,SCEN_DIET0_CULTURE0_CAPTURE0,2050,39288.02627118406
LAND,1000 ha,RUSSIAREG,OTHNATVEG,SCEN_DIET0_CULTURE0_CAPTURE0,2050,530303.6837970536
LAND,1000 ha,SOUTHAFRREG,FOREST,SCEN_DIET+10_CULTURE+50_CAPTURE+10,2050,19721.549999999992
LAND,1000 ha,SOUTHAFRREG,Managed Land,SCEN_DIET+10_CULTURE+50_CAPTURE+10,2050,8176.8172639382665
LAND,1000 ha,SOUTHAFRREG,OTHNATVEG,SCEN_DIET+10_CULTURE+50_CAPTURE+10,2050,38953.687497180304
LAND,1000 ha,SOUTHAFRREG,FOREST,SCEN_DIET-10_CULTURE0_CAPTURE-10,2050,19721.549999999992
LAND,1000 ha,SOUTHAFRREG,Managed Land,SCEN_DIET-10_CULTURE0_CAPTURE-10,2050,8638.331779775082
LAND,1000 ha,SOUTHAFRREG,OTHNATVEG,SCEN_DIET-10_CULTURE0_CAPTURE-10,2050,38613.58223342765
LAND,1000 ha,SOUTHAFRREG,FOREST,SCEN_DIET0_CULTURE0_CAPTURE0,2050,19721.549999999992
LAND,1000 ha,SOUTHAFRREG,Managed Land,SCEN_DIET0_CULTURE0_CAPTURE0,2050,8417.282856478709
LAND,1000 ha,SOUTHAFRREG,OTHNATVEG,SCEN_DIET0_CULTURE0_CAPTURE0,2050,38856.15644379237
LAND,1000 ha,SOUTHERNAF,FOREST,SCEN_DIET+10_CULTURE+50_CAPTURE+10,2050,193162.00281014474
LAND,1000 ha,SOUTHERNAF,Managed Land,SCEN_DIET+10_CULTURE+50_CAPTURE+10,2050,23094.174009593637
LAND,1000 ha,SOUTHERNAF,OTHNATVEG,SCEN_DIET+10_CULTURE+50_CAPTURE+10,2050,112005.06503881898
LAND,1000 ha,SOUTHERNAF,FOREST,SCEN_DIET-10_CULTURE0_CAPTURE-10,2050,188926.5939260263
LAND,1000 ha,SOUTHERNAF,Managed Land,SCEN_DIET-10_CULTURE0_CAPTURE-10,2050,23325.234094028558
LAND,1000 ha,SOUTHERNAF,OTHNATVEG,SCEN_DIET-10_CULTURE0_CAPTURE-10,2050,107764.87678869981
LAND,1000 ha,SOUTHERNAF,FOREST,SCEN_DIET0_CULTURE0_CAPTURE0,2050,190598.450472598
LAND,1000 ha,SOUTHERNAF,Managed Land,SCEN_DIET0_CULTURE0_CAPTURE0,2050,23355.776474069567
LAND,1000 ha,SOUTHERNAF,OTHNATVEG,SCEN_DIET0_CULTURE0_CAPTURE0,2050,109822.06945283702
LAND,1000 ha,SOUTHKOREA,FOREST,SCEN_DIET+10_CULTURE+50_CAPTURE+10,2050,4884.380000000001
LAND,1000 ha,SOUTHKOREA,Managed Land,SCEN_DIET+10_CULTURE+50_CAPTURE+10,2050,1092.495717514847
LAND,1000 ha,SOUTHKOREA,OTHNATVEG,SCEN_DIET+10_CULTURE+50_CAPTURE+10,2050,1861.0916806171292
LAND,1000 ha,SOUTHKOREA,FOREST,SCEN_DIET-10_CULTURE0_CAPTURE-10,2050,4884.38
LAND,1000 ha,SOUTHKOREA,Managed Land,SCEN_DIET-10_CULTURE0_CAPTURE-10,2050,1109.292110003711
LAND,1000 ha,SOUTHKOREA,OTHNATVEG,SCEN_DIET-10_CULTURE0_CAPTURE-10,2050,1392.33997784289
LAND,1000 ha,SOUTHKOREA,FOREST,SCEN_DIET0_CULTURE0_CAPTURE0,2050,4884.38
LAND,1000 ha,SOUTHKOREA,Managed Land,SCEN_DIET0_CULTURE0_CAPTURE0,2050,1103.923639100498
LAND,1000 ha,SOUTHKOREA,OTHNATVEG,SCEN_DIET0_CULTURE0_CAPTURE0,2050,1635.0486533139197
LAND,1000 ha,TURKEYREG,FOREST,SCEN_DIET+10_CULTURE+50_CAPTURE+10,2050,14355.689999999999
LAND,1000 ha,TURKEYREG,Managed Land,SCEN_DIET+10_CULTURE+50_CAPTURE+10,2050,22755.53220221977
LAND,1000 ha,TURKEYREG,OTHNATVEG,SCEN_DIET+10_CULTURE+50_CAPTURE+10,2050,8660.472151027383
LAND,1000 ha,TURKEYREG,FOREST,SCEN_DIET-10_CULTURE0_CAPTURE-10,2050,14355.689999999999
LAND,1000 ha,TURKEYREG,Managed Land,SCEN_DIET-10_CULTURE0_CAPTURE-10,2050,23047.870336546886
LAND,1000 ha,TURKEYREG,OTHNATVEG,SCEN_DIET-10_CULTURE0_CAPTURE-10,2050,7751.0347655702235
LAND,1000 ha,TURKEYREG,FOREST,SCEN_DIET0_CULTURE0_CAPTURE0,2050,14355.689999999999
LAND,1000 ha,TURKEYREG,Managed Land,SCEN_DIET0_CULTURE0_CAPTURE0,2050,22860.707477264627
LAND,1000 ha,TURKEYREG,OTHNATVEG,SCEN_DIET0_CULTURE0_CAPTURE0,2050,8260.53808215352
LAND,1000 ha,UKRAINEREG,FOREST,SCEN_DIET+10_CULTURE+50_CAPTURE+10,2050,8023.390000000002
LAND,1000 ha,UKRAINEREG,Managed Land,SCEN_DIET+10_CULTURE+50_CAPTURE+10,2050,21040.585080647226
LAND,1000 ha,UKRAINEREG,OTHNATVEG,SCEN_DIET+10_CULTURE+50_CAPTURE+10,2050,8472.15636745809
LAND,1000 ha,UKRAINEREG,FOREST,SCEN_DIET-10_CULTURE0_CAPTURE-10,2050,8023.390000000002
LAND,1000 ha,UKRAINEREG,Managed Land,SCEN_DIET-10_CULTURE0_CAPTURE-10,2050,22031.642508087465
LAND,1000 ha,UKRAINEREG,OTHNATVEG,SCEN_DIET-10_CULTURE0_CAPTURE-10,2050,5724.810788077491
LAND,1000 ha,UKRAINEREG,FOREST,SCEN_DIET0_CULTURE0_CAPTURE0,2050,8023.390000000002
LAND,1000 ha,UKRAINEREG,Managed Land,SCEN_DIET0_CULTURE0_CAPTURE0,2050,21350.042785815975
LAND,1000 ha,UKRAINEREG,OTHNATVEG,SCEN_DIET0_CULTURE0_CAPTURE0,2050,7218.247574392974
LAND,1000 ha,USAREG,FOREST,SCEN_DIET+10_CULTURE+50_CAPTURE+10,2050,330832.51999999984
LAND,1000 ha,USAREG,Managed Land,SCEN_DIET+10_CULTURE+50_CAPTURE+10,2050,99779.3183406803
LAND,1000 ha,USAREG,OTHNATVEG,SCEN_DIET+10_CULTURE+50_CAPTURE+10,2050,255624.55663506695
LAND,1000 ha,USAREG,FOREST,SCEN_DIET-10_CULTURE0_CAPTURE-10,2050,330832.51999999984
LAND,1000 ha,USAREG,Managed Land,SCEN_DIET-10_CULTURE0_CAPTURE-10,2050,100702.63923167907
LAND,1000 ha,USAREG,OTHNATVEG,SCEN_DIET-10_CULTURE0_CAPTURE-10,2050,253753.57250712957
LAND,1000 ha,USAREG,FOREST,SCEN_DIET0_CULTURE0_CAPTURE0,2050,330832.51999999984
LAND,1000 ha,USAREG,Managed Land,SCEN_DIET0_CULTURE0_CAPTURE0,2050,100191.22055528338
LAND,1000 ha,USAREG,OTHNATVEG,SCEN_DIET0_CULTURE0_CAPTURE0,2050,254735.0193219473
LAND,1000 ha,WESTERNAF,FOREST,SCEN_DIET+10_CULTURE+50_CAPTURE+10,2050,49321.05240589347
LAND,1000 ha,WESTERNAF,Managed Land,SCEN_DIET+10_CULTURE+50_CAPTURE+10,2050,121871.6574255266
LAND,1000 ha,WESTERNAF,OTHNATVEG,SCEN_DIET+10_CULTURE+50_CAPTURE+10,2050,124483.77090156844
LAND,1000 ha,WESTERNAF,FOREST,SCEN_DIET-10_CULTURE0_CAPTURE-10,2050,48627.263797549196
LAND,1000 ha,WESTERNAF,Managed Land,SCEN_DIET-10_CULTURE0_CAPTURE-10,2050,121985.92357453673
LAND,1000 ha,WESTERNAF,OTHNATVEG,SCEN_DIET-10_CULTURE0_CAPTURE-10,2050,119952.43141938208
LAND,1000 ha,WESTERNAF,FOREST,SCEN_DIET0_CULTURE0_CAPTURE0,2050,48906.05981607424
LAND,1000 ha,WESTERNAF,Managed Land,SCEN_DIET0_CULTURE0_CAPTURE0,2050,122094.0305801143
LAND,1000 ha,WESTERNAF,OTHNATVEG,SCEN_DIET0_CULTURE0_CAPTURE0,2050,123021.75885616608
