REGION,YEAR,PUBSCEN,value
ARGENTINAREG,2000,BAU,951.77009545
ARGENTINAREG,2000,Barriers to Blue Growth,951.77009545
ARGENTINAREG,2000,Blue Transformation,951.77009545
ARGENTINAREG,2010,BAU,833.5980389
ARGENTINAREG,2010,Barriers to Blue Growth,833.5980389
ARGENTINAREG,2010,Blue Transformation,833.5980389
ARGENTINAREG,2020,BAU,852.58695075
ARGENTINAREG,2020,Barriers to Blue Growth,852.58695075
ARGENTINAREG,2020,Blue Transformation,852.58695075
ARGENTINAREG,2030,BAU,853.1979394017607
ARGENTINAREG,2030,Barriers to Blue Growth,824.7732490665574
ARGENTINAREG,2030,Blue Transformation,881.3540786333334
ARGENTINAREG,2040,BAU,853.5080711789465
ARGENTINAREG,2040,Barriers to Blue Growth,796.6372333895379
ARGENTINAREG,2040,Blue Transformation,910.1205326670637
ARGENTINAREG,2050,BAU,853.7751147013721
ARGENTINAREG,2050,Barriers to Blue Growth,768.4395876976063
ARGENTINAREG,2050,Blue Transformation,938.8858593985893
AUSTRALIAREG,2000,BAU,226.9329052
AUSTRALIAREG,2000,Barriers to Blue Growth,226.9329052
AUSTRALIAREG,2000,Blue Transformation,226.9329052
AUSTRALIAREG,2010,BAU,254.38917545
AUSTRALIAREG,2010,Barriers to Blue Growth,254.38917545
AUSTRALIAREG,2010,Blue Transformation,254.38917545
AUSTRALIAREG,2020,BAU,260.5874803
AUSTRALIAREG,2020,Barriers to Blue Growth,260.5874803
AUSTRALIAREG,2020,Blue Transformation,260.5874803
AUSTRALIAREG,2030,BAU,285.24024091313805
AUSTRALIAREG,2030,Barriers to Blue Growth,275.01284064706925
AUSTRALIAREG,2030,Blue Transformation,283.9588942150132
AUSTRALIAREG,2040,BAU,294.3343798165454
AUSTRALIAREG,2040,Barriers to Blue Growth,275.4572506957619
AUSTRALIAREG,2040,Blue Transformation,304.09710862532035
AUSTRALIAREG,2050,BAU,302.3791143155986
AUSTRALIAREG,2050,Barriers to Blue Growth,274.13324008941686
AUSTRALIAREG,2050,Blue Transformation,323.4464189440108
BRAZILREG,2000,BAU,852.1276546
BRAZILREG,2000,Barriers to Blue Growth,852.1276546
BRAZILREG,2000,Blue Transformation,852.1276546
BRAZILREG,2010,BAU,1210.27073265
BRAZILREG,2010,Barriers to Blue Growth,1210.27073265
BRAZILREG,2010,Blue Transformation,1210.27073265
BRAZILREG,2020,BAU,1325.40428715
BRAZILREG,2020,Barriers to Blue Growth,1325.40428715
BRAZILREG,2020,Blue Transformation,1325.40428715
BRAZILREG,2030,BAU,1469.3154101131838
BRAZILREG,2030,Barriers to Blue Growth,1426.7333277610762
BRAZILREG,2030,Blue Transformation,1448.9596150758314
BRAZILREG,2040,BAU,1549.629623619834
BRAZILREG,2040,Barriers to Blue Growth,1458.8083402007958
BRAZILREG,2040,Blue Transformation,1572.5056679271468
BRAZILREG,2050,BAU,1622.0847103518038
BRAZILREG,2050,Barriers to Blue Growth,1476.9212016741144
BRAZILREG,2050,Blue Transformation,1695.1639069845198
CANADAREG,2000,BAU,1096.94269985
CANADAREG,2000,Barriers to Blue Growth,1096.94269985
CANADAREG,2000,Blue Transformation,1096.94269985
CANADAREG,2010,BAU,1063.35029115
CANADAREG,2010,Barriers to Blue Growth,1063.35029115
CANADAREG,2010,Blue Transformation,1063.35029115
CANADAREG,2020,BAU,913.43506395
CANADAREG,2020,Barriers to Blue Growth,913.43506395
CANADAREG,2020,Blue Transformation,913.43506395
CANADAREG,2030,BAU,950.8075454318016
CANADAREG,2030,Barriers to Blue Growth,920.3883302345131
CANADAREG,2030,Blue Transformation,973.1260739333335
CANADAREG,2040,BAU,964.8728676722557
CANADAREG,2040,Barriers to Blue Growth,903.0959274986924
CANADAREG,2040,Blue Transformation,1026.034751691225
CANADAREG,2050,BAU,979.8914794047146
CANADAREG,2050,Barriers to Blue Growth,881.9859407542369
CANADAREG,2050,Blue Transformation,1076.5547467132203
CHINAREG,2000,BAU,33476.76379935
CHINAREG,2000,Barriers to Blue Growth,33476.76379935
CHINAREG,2000,Blue Transformation,33476.76379935
CHINAREG,2010,BAU,44061.140387650004
CHINAREG,2010,Barriers to Blue Growth,44061.140387650004
CHINAREG,2010,Blue Transformation,44061.140387650004
CHINAREG,2020,BAU,55595.227182949995
CHINAREG,2020,Barriers to Blue Growth,55595.227182949995
CHINAREG,2020,Blue Transformation,55595.227182949995
CHINAREG,2030,BAU,62456.54983721657
CHINAREG,2030,Barriers to Blue Growth,60985.359783473876
CHINAREG,2030,Blue Transformation,62253.55622691083
CHINAREG,2040,BAU,67385.88202980073
CHINAREG,2040,Barriers to Blue Growth,63565.21685958239
CHINAREG,2040,Blue Transformation,68987.56419317223
CHINAREG,2050,BAU,70934.80153758773
CHINAREG,2050,Barriers to Blue Growth,65269.18799782959
CHINAREG,2050,Blue Transformation,75021.21468994986
CONGOBASIN,2000,BAU,475.45228199999997
CONGOBASIN,2000,Barriers to Blue Growth,475.45228199999997
CONGOBASIN,2000,Blue Transformation,475.45228199999997
CONGOBASIN,2010,BAU,554.8557522
CONGOBASIN,2010,Barriers to Blue Growth,554.8557522
CONGOBASIN,2010,Blue Transformation,554.8557522
CONGOBASIN,2020,BAU,683.9413868
CONGOBASIN,2020,Barriers to Blue Growth,683.9413868
CONGOBASIN,2020,Blue Transformation,683.9413868
CONGOBASIN,2030,BAU,685.2365476812707
CONGOBASIN,2030,Barriers to Blue Growth,662.4794153965529
CONGOBASIN,2030,Blue Transformation,708.3800331326552
CONGOBASIN,2040,BAU,686.2754615071002
CONGOBASIN,2040,Barriers to Blue Growth,640.6877199997862
CONGOBASIN,2040,Blue Transformation,732.6359093477474
CONGOBASIN,2050,BAU,687.2168128661268
CONGOBASIN,2050,Barriers to Blue Growth,618.7367389905575
CONGOBASIN,2050,Blue Transformation,756.8559462416963
EU_BALTIC,2000,BAU,336.121719
EU_BALTIC,2000,Barriers to Blue Growth,336.121719
EU_BALTIC,2000,Blue Transformation,336.121719
EU_BALTIC,2010,BAU,421.1711955
EU_BALTIC,2010,Barriers to Blue Growth,421.1711955
EU_BALTIC,2010,Blue Transformation,421.1711955
EU_BALTIC,2020,BAU,308.7357159
EU_BALTIC,2020,Barriers to Blue Growth,308.7357159
EU_BALTIC,2020,Blue Transformation,308.7357159
EU_BALTIC,2030,BAU,310.1227401064377
EU_BALTIC,2030,Barriers to Blue Growth,299.83586533856874
EU_BALTIC,2030,Blue Transformation,319.7893924666667
EU_BALTIC,2040,BAU,310.88410953200747
EU_BALTIC,2040,Barriers to Blue Growth,290.25689106548003
EU_BALTIC,2040,Blue Transformation,330.84316293333336
EU_BALTIC,2050,BAU,311.56133296475656
EU_BALTIC,2050,Barriers to Blue Growth,280.55000092334046
EU_BALTIC,2050,Blue Transformation,341.8969334
EU_CENTRALEAST,2000,BAU,327.05642745
EU_CENTRALEAST,2000,Barriers to Blue Growth,327.05642745
EU_CENTRALEAST,2000,Blue Transformation,327.05642745
EU_CENTRALEAST,2010,BAU,340.1021667
EU_CENTRALEAST,2010,Barriers to Blue Growth,340.1021667
EU_CENTRALEAST,2010,Blue Transformation,340.1021667
EU_CENTRALEAST,2020,BAU,440.2787503
EU_CENTRALEAST,2020,Barriers to Blue Growth,440.2787503
EU_CENTRALEAST,2020,Blue Transformation,440.2787503
EU_CENTRALEAST,2030,BAU,469.6936580094031
EU_CENTRALEAST,2030,Barriers to Blue Growth,455.4766375229528
EU_CENTRALEAST,2030,Blue Transformation,472.2574764391977
EU_CENTRALEAST,2040,BAU,486.75236269764645
EU_CENTRALEAST,2040,Barriers to Blue Growth,457.13311440328073
EU_CENTRALEAST,2040,Blue Transformation,504.7864389279797
EU_CENTRALEAST,2050,BAU,501.8694123752738
EU_CENTRALEAST,2050,Barriers to Blue Growth,456.08410129455484
EU_CENTRALEAST,2050,Blue Transformation,536.9978870887313
EU_MIDWEST,2000,BAU,1767.37336405
EU_MIDWEST,2000,Barriers to Blue Growth,1767.37336405
EU_MIDWEST,2000,Blue Transformation,1767.37336405
EU_MIDWEST,2010,BAU,1494.4072374
EU_MIDWEST,2010,Barriers to Blue Growth,1494.4072374
EU_MIDWEST,2010,Blue Transformation,1494.4072374
EU_MIDWEST,2020,BAU,1380.9542507
EU_MIDWEST,2020,Barriers to Blue Growth,1380.9542507
EU_MIDWEST,2020,Blue Transformation,1380.9542507
EU_MIDWEST,2030,BAU,1348.4148663466099
EU_MIDWEST,2030,Barriers to Blue Growth,1310.1328554170505
EU_MIDWEST,2030,Blue Transformation,1419.2088052489946
EU_MIDWEST,2040,BAU,1356.4913527027875
EU_MIDWEST,2040,Barriers to Blue Growth,1279.3782151044595
EU_MIDWEST,2040,Blue Transformation,1487.9851632939497
EU_MIDWEST,2050,BAU,1363.1535349368298
EU_MIDWEST,2050,Barriers to Blue Growth,1246.9064518164698
EU_MIDWEST,2050,Blue Transformation,1543.664045916424
EU_NORTH,2000,BAU,3347.77258625
EU_NORTH,2000,Barriers to Blue Growth,3347.77258625
EU_NORTH,2000,Blue Transformation,3347.77258625
EU_NORTH,2010,BAU,2462.144261
EU_NORTH,2010,Barriers to Blue Growth,2462.144261
EU_NORTH,2010,Blue Transformation,2462.144261
EU_NORTH,2020,BAU,2156.18684665
EU_NORTH,2020,Barriers to Blue Growth,2156.18684665
EU_NORTH,2020,Blue Transformation,2156.18684665
EU_NORTH,2030,BAU,2223.9861650677412
EU_NORTH,2030,Barriers to Blue Growth,2151.4230756973616
EU_NORTH,2030,Blue Transformation,2275.4103153788014
EU_NORTH,2040,BAU,2252.173773861732
EU_NORTH,2040,Barriers to Blue Growth,2105.2259912551954
EU_NORTH,2040,Blue Transformation,2389.8734411652567
EU_NORTH,2050,BAU,2273.99152787476
EU_NORTH,2050,Barriers to Blue Growth,2051.302884991501
EU_NORTH,2050,Blue Transformation,2501.42131380039
EU_SOUTH,2000,BAU,2286.49350005
EU_SOUTH,2000,Barriers to Blue Growth,2286.49350005
EU_SOUTH,2000,Blue Transformation,2286.49350005
EU_SOUTH,2010,BAU,2069.19128345
EU_SOUTH,2010,Barriers to Blue Growth,2069.19128345
EU_SOUTH,2010,Blue Transformation,2069.19128345
EU_SOUTH,2020,BAU,1997.91981065
EU_SOUTH,2020,Barriers to Blue Growth,1997.91981065
EU_SOUTH,2020,Blue Transformation,1997.91981065
EU_SOUTH,2030,BAU,1955.1987752320686
EU_SOUTH,2030,Barriers to Blue Growth,1903.2787582308483
EU_SOUTH,2030,Blue Transformation,2050.541662459906
EU_SOUTH,2040,BAU,1994.2537136034991
EU_SOUTH,2040,Barriers to Blue Growth,1879.3466624534049
EU_SOUTH,2040,Blue Transformation,2161.45901095248
EU_SOUTH,2050,BAU,2035.834957242146
EU_SOUTH,2050,Barriers to Blue Growth,1886.6236503170994
EU_SOUTH,2050,Blue Transformation,2252.6358027147908
FORMER_USSR,2000,BAU,91.370123
FORMER_USSR,2000,Barriers to Blue Growth,91.370123
FORMER_USSR,2000,Blue Transformation,91.370123
FORMER_USSR,2010,BAU,156.33771339999998
FORMER_USSR,2010,Barriers to Blue Growth,156.33771339999998
FORMER_USSR,2010,Blue Transformation,156.33771339999998
FORMER_USSR,2020,BAU,493.7254812
FORMER_USSR,2020,Barriers to Blue Growth,493.7254812
FORMER_USSR,2020,Blue Transformation,493.7254812
FORMER_USSR,2030,BAU,526.8053939102493
FORMER_USSR,2030,Barriers to Blue Growth,510.5266757028129
FORMER_USSR,2030,Blue Transformation,528.2699833404631
FORMER_USSR,2040,BAU,545.210671218126
FORMER_USSR,2040,Barriers to Blue Growth,511.3576058325319
FORMER_USSR,2040,Blue Transformation,562.8562264514521
FORMER_USSR,2050,BAU,561.6843137119744
FORMER_USSR,2050,Barriers to Blue Growth,509.18694313515556
FORMER_USSR,2050,Blue Transformation,597.4271274550282
INDIAREG,2000,BAU,5679.15178995
INDIAREG,2000,Barriers to Blue Growth,5679.15178995
INDIAREG,2000,Blue Transformation,5679.15178995
INDIAREG,2010,BAU,8462.960284499999
INDIAREG,2010,Barriers to Blue Growth,8462.960284499999
INDIAREG,2010,Blue Transformation,8462.960284499999
INDIAREG,2020,BAU,13518.66588455
INDIAREG,2020,Barriers to Blue Growth,13518.66588455
INDIAREG,2020,Blue Transformation,13518.66588455
INDIAREG,2030,BAU,15450.347881926857
INDIAREG,2030,Barriers to Blue Growth,15017.51105316946
INDIAREG,2030,Blue Transformation,15017.204119007722
INDIAREG,2040,BAU,16528.002728570937
INDIAREG,2040,Barriers to Blue Growth,15586.441819142112
INDIAREG,2040,Blue Transformation,16521.389183558236
INDIAREG,2050,BAU,17480.320513508013
INDIAREG,2050,Barriers to Blue Growth,15992.033446285532
INDIAREG,2050,Blue Transformation,18024.149132940318
INDONESIAREG,2000,BAU,4950.2781229
INDONESIAREG,2000,Barriers to Blue Growth,4950.2781229
INDONESIAREG,2000,Blue Transformation,4950.2781229
INDONESIAREG,2010,BAU,7756.83692885
INDONESIAREG,2010,Barriers to Blue Growth,7756.83692885
INDONESIAREG,2010,Blue Transformation,7756.83692885
INDONESIAREG,2020,BAU,12865.1786536
INDONESIAREG,2020,Barriers to Blue Growth,12865.1786536
INDONESIAREG,2020,Blue Transformation,12865.1786536
INDONESIAREG,2030,BAU,14141.947710304144
INDONESIAREG,2030,Barriers to Blue Growth,13725.471504274838
INDONESIAREG,2030,Blue Transformation,14020.861789276169
INDONESIAREG,2040,BAU,14870.552899059487
INDONESIAREG,2040,Barriers to Blue Growth,13986.410859681528
INDONESIAREG,2040,Blue Transformation,15186.01352462152
INDONESIAREG,2050,BAU,15501.80088304399
INDONESIAREG,2050,Barriers to Blue Growth,14118.305525426538
INDONESIAREG,2050,Blue Transformation,16388.629604554408
JAPANREG,2000,BAU,5809.96260575
JAPANREG,2000,Barriers to Blue Growth,5809.96260575
JAPANREG,2000,Blue Transformation,5809.96260575
JAPANREG,2010,BAU,4799.91891805
JAPANREG,2010,Barriers to Blue Growth,4799.91891805
JAPANREG,2010,Blue Transformation,4799.91891805
JAPANREG,2020,BAU,3776.86682
JAPANREG,2020,Barriers to Blue Growth,3776.86682
JAPANREG,2020,Blue Transformation,3776.86682
JAPANREG,2030,BAU,3779.608779938625
JAPANREG,2030,Barriers to Blue Growth,3665.0009719440286
JAPANREG,2030,Blue Transformation,3933.4528384204464
JAPANREG,2040,BAU,3807.632480010303
JAPANREG,2040,Barriers to Blue Growth,3577.1112826059325
JAPANREG,2040,Blue Transformation,4104.643267652288
JAPANREG,2050,BAU,3857.7266624910685
JAPANREG,2050,Barriers to Blue Growth,3494.2426326108493
JAPANREG,2050,Blue Transformation,4253.897473596323
MALAYSIAREG,2000,BAU,1390.55743795
MALAYSIAREG,2000,Barriers to Blue Growth,1390.55743795
MALAYSIAREG,2000,Blue Transformation,1390.55743795
MALAYSIAREG,2010,BAU,1744.1105492
MALAYSIAREG,2010,Barriers to Blue Growth,1744.1105492
MALAYSIAREG,2010,Blue Transformation,1744.1105492
MALAYSIAREG,2020,BAU,1676.79044755
MALAYSIAREG,2020,Barriers to Blue Growth,1676.79044755
MALAYSIAREG,2020,Blue Transformation,1676.79044755
MALAYSIAREG,2030,BAU,1718.4979041160955
MALAYSIAREG,2030,Barriers to Blue Growth,1663.152929420106
MALAYSIAREG,2030,Blue Transformation,1755.783092447482
MALAYSIAREG,2040,BAU,1742.5222578471373
MALAYSIAREG,2040,Barriers to Blue Growth,1630.4412542536004
MALAYSIAREG,2040,Blue Transformation,1836.9760151125029
MALAYSIAREG,2050,BAU,1762.5526635824235
MALAYSIAREG,2050,Barriers to Blue Growth,1598.2061492246557
MALAYSIAREG,2050,Blue Transformation,1918.8691556809872
MEXICOREG,2000,BAU,1394.87830595
MEXICOREG,2000,Barriers to Blue Growth,1394.87830595
MEXICOREG,2000,Blue Transformation,1394.87830595
MEXICOREG,2010,BAU,1677.573297439
MEXICOREG,2010,Barriers to Blue Growth,1677.573297439
MEXICOREG,2010,Blue Transformation,1677.573297439
MEXICOREG,2020,BAU,1810.0151354
MEXICOREG,2020,Barriers to Blue Growth,1810.0151354
MEXICOREG,2020,Blue Transformation,1810.0151354
MEXICOREG,2030,BAU,1871.4701522342318
MEXICOREG,2030,Barriers to Blue Growth,1810.9096129494058
MEXICOREG,2030,Blue Transformation,1903.3172324145223
MEXICOREG,2040,BAU,1901.839260010449
MEXICOREG,2040,Barriers to Blue Growth,1778.6644955185536
MEXICOREG,2040,Blue Transformation,1997.978658823485
MEXICOREG,2050,BAU,1922.4350340315025
MEXICOREG,2050,Barriers to Blue Growth,1735.079808559869
MEXICOREG,2050,Blue Transformation,2091.463299737418
MIDDLEEAST,2000,BAU,951.8202425
MIDDLEEAST,2000,Barriers to Blue Growth,951.8202425
MIDDLEEAST,2000,Blue Transformation,951.8202425
MIDDLEEAST,2010,BAU,1343.57566115
MIDDLEEAST,2010,Barriers to Blue Growth,1343.57566115
MIDDLEEAST,2010,Blue Transformation,1343.57566115
MIDDLEEAST,2020,BAU,2473.22010265
MIDDLEEAST,2020,Barriers to Blue Growth,2473.22010265
MIDDLEEAST,2020,Blue Transformation,2473.22010265
MIDDLEEAST,2030,BAU,2553.056421390713
MIDDLEEAST,2030,Barriers to Blue Growth,2471.8963080870344
MIDDLEEAST,2030,Blue Transformation,2650.052711849102
MIDDLEEAST,2040,BAU,2621.202414633659
MIDDLEEAST,2040,Barriers to Blue Growth,2454.5086739115623
MIDDLEEAST,2040,Blue Transformation,2820.0497662319576
MIDDLEEAST,2050,BAU,2677.2942016833613
MIDDLEEAST,2050,Barriers to Blue Growth,2421.0319169037275
MIDDLEEAST,2050,Blue Transformation,2980.910734934673
NEWZEALANDREG,2000,BAU,648.69577825
NEWZEALANDREG,2000,Barriers to Blue Growth,648.69577825
NEWZEALANDREG,2000,Blue Transformation,648.69577825
NEWZEALANDREG,2010,BAU,553.88014035
NEWZEALANDREG,2010,Barriers to Blue Growth,553.88014035
NEWZEALANDREG,2010,Blue Transformation,553.88014035
NEWZEALANDREG,2020,BAU,532.6057819
NEWZEALANDREG,2020,Barriers to Blue Growth,532.6057819
NEWZEALANDREG,2020,Blue Transformation,532.6057819
NEWZEALANDREG,2030,BAU,531.4500356628154
NEWZEALANDREG,2030,Barriers to Blue Growth,516.7627088558434
NEWZEALANDREG,2030,Blue Transformation,559.8487999166667
NEWZEALANDREG,2040,BAU,532.8394699324518
NEWZEALANDREG,2040,Barriers to Blue Growth,503.37218736719876
NEWZEALANDREG,2040,Blue Transformation,586.380519726477
NEWZEALANDREG,2050,BAU,543.9979546675702
NEWZEALANDREG,2050,Barriers to Blue Growth,489.60215163617875
NEWZEALANDREG,2050,Blue Transformation,607.1096001869678
NORTHERNAF,2000,BAU,1912.36782255
NORTHERNAF,2000,Barriers to Blue Growth,1912.36782255
NORTHERNAF,2000,Blue Transformation,1912.36782255
NORTHERNAF,2010,BAU,2811.7548985000003
NORTHERNAF,2010,Barriers to Blue Growth,2811.7548985000003
NORTHERNAF,2010,Blue Transformation,2811.7548985000003
NORTHERNAF,2020,BAU,3975.9692164000003
NORTHERNAF,2020,Barriers to Blue Growth,3975.9692164000003
NORTHERNAF,2020,Blue Transformation,3975.9692164000003
NORTHERNAF,2030,BAU,4187.383026399001
NORTHERNAF,2030,Barriers to Blue Growth,4070.546013822135
NORTHERNAF,2030,Blue Transformation,4373.618693160991
NORTHERNAF,2040,BAU,4399.329454709854
NORTHERNAF,2040,Barriers to Blue Growth,4150.711724301836
NORTHERNAF,2040,Blue Transformation,4786.379830326494
NORTHERNAF,2050,BAU,4592.285977260498
NORTHERNAF,2050,Barriers to Blue Growth,4204.3487705178495
NORTHERNAF,2050,Blue Transformation,5193.17076420023
PACIFIC_ISLANDS,2000,BAU,278.46683255
PACIFIC_ISLANDS,2000,Barriers to Blue Growth,278.46683255
PACIFIC_ISLANDS,2000,Blue Transformation,278.46683255
PACIFIC_ISLANDS,2010,BAU,477.80323799999996
PACIFIC_ISLANDS,2010,Barriers to Blue Growth,477.80323799999996
PACIFIC_ISLANDS,2010,Blue Transformation,477.80323799999996
PACIFIC_ISLANDS,2020,BAU,534.05372215
PACIFIC_ISLANDS,2020,Barriers to Blue Growth,534.05372215
PACIFIC_ISLANDS,2020,Blue Transformation,534.05372215
PACIFIC_ISLANDS,2030,BAU,534.5626990736312
PACIFIC_ISLANDS,2030,Barriers to Blue Growth,516.7727261021705
PACIFIC_ISLANDS,2030,Blue Transformation,552.4774108714594
PACIFIC_ISLANDS,2040,BAU,534.9835763417145
PACIFIC_ISLANDS,2040,Barriers to Blue Growth,499.3745513148099
PACIFIC_ISLANDS,2040,Blue Transformation,570.8420731589339
PACIFIC_ISLANDS,2050,BAU,535.308618069159
PACIFIC_ISLANDS,2050,Barriers to Blue Growth,481.861725282476
PACIFIC_ISLANDS,2050,Blue Transformation,589.1299113543643
RCAM,2000,BAU,579.23807645
RCAM,2000,Barriers to Blue Growth,579.23807645
RCAM,2000,Blue Transformation,579.23807645
RCAM,2010,BAU,1010.17368335
RCAM,2010,Barriers to Blue Growth,1010.17368335
RCAM,2010,Blue Transformation,1010.17368335
RCAM,2020,BAU,896.1284676
RCAM,2020,Barriers to Blue Growth,896.1284676
RCAM,2020,Blue Transformation,896.1284676
RCAM,2030,BAU,929.0176069835552
RCAM,2030,Barriers to Blue Growth,899.703481882674
RCAM,2030,Blue Transformation,965.4375008702631
RCAM,2040,BAU,952.8778849548527
RCAM,2040,Barriers to Blue Growth,892.6205758500936
RCAM,2040,Blue Transformation,1027.299651938773
RCAM,2050,BAU,971.360464006955
RCAM,2050,Barriers to Blue Growth,878.9308316649672
RCAM,2050,Blue Transformation,1084.6331361237064
RCEU,2000,BAU,8.9664838
RCEU,2000,Barriers to Blue Growth,8.9664838
RCEU,2000,Blue Transformation,8.9664838
RCEU,2010,BAU,29.809507560036852
RCEU,2010,Barriers to Blue Growth,29.809507560036852
RCEU,2010,Blue Transformation,29.809507560036852
RCEU,2020,BAU,29.65424765
RCEU,2020,Barriers to Blue Growth,29.65424765
RCEU,2020,Blue Transformation,29.65424765
RCEU,2030,BAU,31.783300541215308
RCEU,2030,Barriers to Blue Growth,31.06733503071483
RCEU,2030,Blue Transformation,31.990153182458016
RCEU,2040,BAU,34.57380525137309
RCEU,2040,Barriers to Blue Growth,32.62181958661465
RCEU,2040,Blue Transformation,35.68664260997085
RCEU,2050,BAU,36.065616163784384
RCEU,2050,Barriers to Blue Growth,33.04062639226514
RCEU,2050,Blue Transformation,38.66071867945275
ROWE,2000,BAU,5410.56044895
ROWE,2000,Barriers to Blue Growth,5410.56044895
ROWE,2000,Blue Transformation,5410.56044895
ROWE,2010,BAU,5170.64533665
ROWE,2010,Barriers to Blue Growth,5170.64533665
ROWE,2010,Blue Transformation,5170.64533665
ROWE,2020,BAU,5381.9786621
ROWE,2020,Barriers to Blue Growth,5381.9786621
ROWE,2020,Blue Transformation,5381.9786621
ROWE,2030,BAU,5569.519864704782
ROWE,2030,Barriers to Blue Growth,5384.109004386706
ROWE,2030,Blue Transformation,5755.3823300761305
ROWE,2040,BAU,5714.922210821223
ROWE,2040,Barriers to Blue Growth,5334.404231939341
ROWE,2040,Blue Transformation,6096.343277716602
ROWE,2050,BAU,5827.047514717113
ROWE,2050,Barriers to Blue Growth,5245.063434702727
ROWE,2050,Blue Transformation,6410.409454581045
RSAM,2000,BAU,17001.647449149998
RSAM,2000,Barriers to Blue Growth,17001.647449149998
RSAM,2000,Blue Transformation,17001.647449149998
RSAM,2010,BAU,9309.1201474
RSAM,2010,Barriers to Blue Growth,9309.1201474
RSAM,2010,Blue Transformation,9309.1201474
RSAM,2020,BAU,10889.5916624
RSAM,2020,Barriers to Blue Growth,10889.5916624
RSAM,2020,Blue Transformation,10889.5916624
RSAM,2030,BAU,11075.450897431161
RSAM,2030,Barriers to Blue Growth,10725.994749875921
RSAM,2030,Blue Transformation,11517.734882420355
RSAM,2040,BAU,11283.04437245624
RSAM,2040,Barriers to Blue Growth,10570.192075744073
RSAM,2040,Blue Transformation,12158.795665691983
RSAM,2050,BAU,11431.253867915932
RSAM,2050,Barriers to Blue Growth,10347.05142860806
RSAM,2050,Blue Transformation,12722.577314562017
RSAS,2000,BAU,2700.6844422
RSAS,2000,Barriers to Blue Growth,2700.6844422
RSAS,2000,Blue Transformation,2700.6844422
RSAS,2010,BAU,4107.32148285
RSAS,2010,Barriers to Blue Growth,4107.32148285
RSAS,2010,Blue Transformation,4107.32148285
RSAS,2020,BAU,5696.9447074
RSAS,2020,Barriers to Blue Growth,5696.9447074
RSAS,2020,Blue Transformation,5696.9447074
RSAS,2030,BAU,6333.999806000722
RSAS,2030,Barriers to Blue Growth,6153.81813423346
RSAS,2030,Blue Transformation,6247.621094955249
RSAS,2040,BAU,6702.890027975089
RSAS,2040,Barriers to Blue Growth,6316.456156913495
RSAS,2040,Blue Transformation,6793.410462818179
RSAS,2050,BAU,7033.795041214067
RSAS,2050,Barriers to Blue Growth,6421.5556566067835
RSAS,2050,Blue Transformation,7334.889441840203
RSEA_OPA,2000,BAU,7064.32693185
RSEA_OPA,2000,Barriers to Blue Growth,7064.32693185
RSEA_OPA,2000,Blue Transformation,7064.32693185
RSEA_OPA,2010,BAU,9132.10999305
RSEA_OPA,2010,Barriers to Blue Growth,9132.10999305
RSEA_OPA,2010,Blue Transformation,9132.10999305
RSEA_OPA,2020,BAU,8258.3536297
RSEA_OPA,2020,Barriers to Blue Growth,8258.3536297
RSEA_OPA,2020,Blue Transformation,8258.3536297
RSEA_OPA,2030,BAU,8859.128016846622
RSEA_OPA,2030,Barriers to Blue Growth,8594.227006844709
RSEA_OPA,2030,Blue Transformation,8882.379215522804
RSEA_OPA,2040,BAU,9209.401589229377
RSEA_OPA,2040,Barriers to Blue Growth,8654.99755120002
RSEA_OPA,2040,Blue Transformation,9529.51965399261
RSEA_OPA,2050,BAU,9520.274400856215
RSEA_OPA,2050,Barriers to Blue Growth,8646.544601314326
RSEA_OPA,2050,Blue Transformation,10185.477989036433
RSEA_PAC,2000,BAU,2786.0539285
RSEA_PAC,2000,Barriers to Blue Growth,2786.0539285
RSEA_PAC,2000,Blue Transformation,2786.0539285
RSEA_PAC,2010,BAU,5975.86925375
RSEA_PAC,2010,Barriers to Blue Growth,5975.86925375
RSEA_PAC,2010,Blue Transformation,5975.86925375
RSEA_PAC,2020,BAU,9672.0986853
RSEA_PAC,2020,Barriers to Blue Growth,9672.0986853
RSEA_PAC,2020,Blue Transformation,9672.0986853
RSEA_PAC,2030,BAU,10391.646113770397
RSEA_PAC,2030,Barriers to Blue Growth,10098.245110236496
RSEA_PAC,2030,Blue Transformation,10924.625887253787
RSEA_PAC,2040,BAU,10993.22382792847
RSEA_PAC,2040,Barriers to Blue Growth,10364.09290142089
RSEA_PAC,2040,Blue Transformation,12090.411252134863
RSEA_PAC,2050,BAU,11504.536853748468
RSEA_PAC,2050,Barriers to Blue Growth,10507.654814630645
RSEA_PAC,2050,Blue Transformation,13196.663824217474
RUSSIAREG,2000,BAU,4124.0367143
RUSSIAREG,2000,Barriers to Blue Growth,4124.0367143
RUSSIAREG,2000,Blue Transformation,4124.0367143
RUSSIAREG,2010,BAU,4257.3355811
RUSSIAREG,2010,Barriers to Blue Growth,4257.3355811
RUSSIAREG,2010,Blue Transformation,4257.3355811
RUSSIAREG,2020,BAU,5319.908388299999
RUSSIAREG,2020,Barriers to Blue Growth,5319.908388299999
RUSSIAREG,2020,Blue Transformation,5319.908388299999
RUSSIAREG,2030,BAU,5375.082642331835
RUSSIAREG,2030,Barriers to Blue Growth,5197.856372361056
RUSSIAREG,2030,Blue Transformation,5531.801202250001
RUSSIAREG,2040,BAU,5402.007995049964
RUSSIAREG,2040,Barriers to Blue Growth,5045.683872002312
RUSSIAREG,2040,Blue Transformation,5739.49025513007
RUSSIAREG,2050,BAU,5427.001051463927
RUSSIAREG,2050,Barriers to Blue Growth,4888.417477235245
RUSSIAREG,2050,Blue Transformation,5946.208145098618
SOUTHAFRREG,2000,BAU,658.3590475
SOUTHAFRREG,2000,Barriers to Blue Growth,658.3590475
SOUTHAFRREG,2000,Blue Transformation,658.3590475
SOUTHAFRREG,2010,BAU,643.4537218
SOUTHAFRREG,2010,Barriers to Blue Growth,643.4537218
SOUTHAFRREG,2010,Blue Transformation,643.4537218
SOUTHAFRREG,2020,BAU,459.02069755
SOUTHAFRREG,2020,Barriers to Blue Growth,459.02069755
SOUTHAFRREG,2020,Blue Transformation,459.02069755
SOUTHAFRREG,2030,BAU,459.2179616578427
SOUTHAFRREG,2030,Barriers to Blue Growth,444.06840450355054
SOUTHAFRREG,2030,Blue Transformation,474.9359951833333
SOUTHAFRREG,2040,BAU,459.42519072579773
SOUTHAFRREG,2040,Barriers to Blue Growth,429.11204554363803
SOUTHAFRREG,2040,Blue Transformation,490.84802833405206
SOUTHAFRREG,2050,BAU,459.61061963603015
SOUTHAFRREG,2050,Barriers to Blue Growth,414.10530244719195
SOUTHAFRREG,2050,Blue Transformation,506.4654292611987
SOUTHKOREA,2000,BAU,2068.3080899
SOUTHKOREA,2000,Barriers to Blue Growth,2068.3080899
SOUTHKOREA,2000,Blue Transformation,2068.3080899
SOUTHKOREA,2010,BAU,2166.38665915
SOUTHKOREA,2010,Barriers to Blue Growth,2166.38665915
SOUTHKOREA,2010,Blue Transformation,2166.38665915
SOUTHKOREA,2020,BAU,1953.5227343
SOUTHKOREA,2020,Barriers to Blue Growth,1953.5227343
SOUTHKOREA,2020,Blue Transformation,1953.5227343
SOUTHKOREA,2030,BAU,1941.1287318194882
SOUTHKOREA,2030,Barriers to Blue Growth,1889.5297682535358
SOUTHKOREA,2030,Blue Transformation,2055.670881527612
SOUTHKOREA,2040,BAU,1953.6858677089724
SOUTHKOREA,2040,Barriers to Blue Growth,1848.205451783861
SOUTHKOREA,2040,Blue Transformation,2161.440589212598
SOUTHKOREA,2050,BAU,2024.6359335902262
SOUTHKOREA,2050,Barriers to Blue Growth,1825.2978034020337
SOUTHKOREA,2050,Blue Transformation,2254.506089213603
EASTERNAF,2000,BAU,821.504459
EASTERNAF,2000,Barriers to Blue Growth,821.504459
EASTERNAF,2000,Blue Transformation,821.504459
EASTERNAF,2010,BAU,1100.59125405
EASTERNAF,2010,Barriers to Blue Growth,1100.59125405
EASTERNAF,2010,Blue Transformation,1100.59125405
EASTERNAF,2020,BAU,1501.2502136
EASTERNAF,2020,Barriers to Blue Growth,1501.2502136
EASTERNAF,2020,Blue Transformation,1501.2502136
EASTERNAF,2030,BAU,1525.89503962483
EASTERNAF,2030,Barriers to Blue Growth,1476.6474547149946
EASTERNAF,2030,Blue Transformation,1582.5731629013321
EASTERNAF,2040,BAU,1545.6560525001873
EASTERNAF,2040,Barriers to Blue Growth,1445.7636651460978
EASTERNAF,2040,Blue Transformation,1660.40951658761
EASTERNAF,2050,BAU,1563.543090047129
EASTERNAF,2050,Barriers to Blue Growth,1411.833987613117
EASTERNAF,2050,Blue Transformation,1737.544258981141
SOUTHERNAF,2000,BAU,1174.50240355
SOUTHERNAF,2000,Barriers to Blue Growth,1174.50240355
SOUTHERNAF,2000,Blue Transformation,1174.50240355
SOUTHERNAF,2010,BAU,1287.6452162
SOUTHERNAF,2010,Barriers to Blue Growth,1287.6452162
SOUTHERNAF,2010,Blue Transformation,1287.6452162
SOUTHERNAF,2020,BAU,1818.6021015000001
SOUTHERNAF,2020,Barriers to Blue Growth,1818.6021015000001
SOUTHERNAF,2020,Blue Transformation,1818.6021015000001
SOUTHERNAF,2030,BAU,1829.1622897333848
SOUTHERNAF,2030,Barriers to Blue Growth,1768.9928719748616
SOUTHERNAF,2030,Blue Transformation,1892.673165459597
SOUTHERNAF,2040,BAU,1839.225080426516
SOUTHERNAF,2040,Barriers to Blue Growth,1718.1783443004654
SOUTHERNAF,2040,Blue Transformation,1966.9346721965815
SOUTHERNAF,2050,BAU,1848.1728258270653
SOUTHERNAF,2050,Barriers to Blue Growth,1665.7189312645482
SOUTHERNAF,2050,Blue Transformation,2040.638878545045
WESTERNAF,2000,BAU,2036.60045545
WESTERNAF,2000,Barriers to Blue Growth,2036.60045545
WESTERNAF,2000,Blue Transformation,2036.60045545
WESTERNAF,2010,BAU,2680.0027792
WESTERNAF,2010,Barriers to Blue Growth,2680.0027792
WESTERNAF,2010,Blue Transformation,2680.0027792
WESTERNAF,2020,BAU,4026.7676775
WESTERNAF,2020,Barriers to Blue Growth,4026.7676775
WESTERNAF,2020,Blue Transformation,4026.7676775
WESTERNAF,2030,BAU,4080.509673884173
WESTERNAF,2030,Barriers to Blue Growth,3948.4601632379786
WESTERNAF,2030,Blue Transformation,4230.694146563701
WESTERNAF,2040,BAU,4132.411791279126
WESTERNAF,2040,Barriers to Blue Growth,3864.6420089661115
WESTERNAF,2040,Blue Transformation,4436.41927078929
WESTERNAF,2050,BAU,4179.513275737547
WESTERNAF,2050,Barriers to Blue Growth,3772.86873355518
WESTERNAF,2050,Blue Transformation,4640.309507361654
UKRAINEREG,2000,BAU,408.2075529
UKRAINEREG,2000,Barriers to Blue Growth,408.2075529
UKRAINEREG,2000,Blue Transformation,408.2075529
UKRAINEREG,2010,BAU,235.17365305
UKRAINEREG,2010,Barriers to Blue Growth,235.17365305
UKRAINEREG,2010,Blue Transformation,235.17365305
UKRAINEREG,2020,BAU,100.544556
UKRAINEREG,2020,Barriers to Blue Growth,100.544556
UKRAINEREG,2020,Blue Transformation,100.544556
UKRAINEREG,2030,BAU,105.14456432121014
UKRAINEREG,2030,Barriers to Blue Growth,101.83591525379458
UKRAINEREG,2030,Blue Transformation,106.38869546666669
UKRAINEREG,2040,BAU,107.76504503339349
UKRAINEREG,2040,Barriers to Blue Growth,100.96250363690584
UKRAINEREG,2040,Blue Transformation,112.23283493333334
UKRAINEREG,2050,BAU,110.1364484652815
UKRAINEREG,2050,Barriers to Blue Growth,99.68467520541198
UKRAINEREG,2050,Blue Transformation,118.07697440000001
USAREG,2000,BAU,4948.86347475
USAREG,2000,Barriers to Blue Growth,4948.86347475
USAREG,2000,Blue Transformation,4948.86347475
USAREG,2010,BAU,4724.0217712
USAREG,2010,Barriers to Blue Growth,4724.0217712
USAREG,2010,Blue Transformation,4724.0217712
USAREG,2020,BAU,5281.4726287
USAREG,2020,Barriers to Blue Growth,5281.4726287
USAREG,2020,Blue Transformation,5281.4726287
USAREG,2030,BAU,5331.967912040789
USAREG,2030,Barriers to Blue Growth,5162.561889105441
USAREG,2030,Blue Transformation,5507.564950349878
USAREG,2040,BAU,5361.453965592993
USAREG,2040,Barriers to Blue Growth,5020.520240016215
USAREG,2040,Blue Transformation,5732.613828026308
USAREG,2050,BAU,5392.751609429885
USAREG,2050,Barriers to Blue Growth,4872.43612399752
USAREG,2050,Blue Transformation,5943.400882820846
